Index,Donor,Acceptor,Reference,Excitation energy (ECT),OSc,ECT - E1S,ECT - ET1,CT,FF(%),SMILES(donor),SMILES(acceptor),Donor_HOMO(ev),Donor_LUMO(ev),Donor_bandgap(ev),Acceptor_HOMO(ev),Acceptor_LUMO(ev),Acceptor_bandgap(ev),POS,PR,COH,PRNTO,Z_HE,RMSeh,PCE(%)
1,PBDB-TF(PM6),Y6,https://doi.org/10.1016/j.nanoen.2023.108429,3.523,0.00132,1.2768,1.990413,0.793,77.0,CC1=CC2=C(C3=CC(F)=C(CC(CCCC)CC)S3)C4=C(C=C(C5=CC=C(C6=C7C(C(C8=C(CC(CCCC)CC)SC(CC(CCCC)CC)=C8C7=O)=O)=C(C9=CC=C(C)S9)S6)S5)S4)C(C%10=CC(F)=C(CC(CCCC)CC)S%10)=C2S1,CCC(CCCC)CCn1c2c(sc3c(CCCCCCCCCCCC)c(/C=C4C(=C(/C#N)C#N)\c5cc(F)c(F)cc5C4=O)sc32)c2c3nsnc3c3c(n(CCC(CCCC)CC)c4c5sc(/C=C6C(=C(/C#N)C#N)\c7cc(F)c(F)cc7C6=O)c(CCCCCCCCCCCC)c5sc43)c21,5.45,3.65,1.89,5.6,4.1,1.5,1.579,1.294,1.234,1.927,2.76,8.049,36.3
2,PB2,FTCC-Br,https://doi.org/10.1002/adma.202207009,3.9787,0.11846,1.0254,1.716201,0.798919,81.1,CCC(CCCC)Cc1ccc(s1)c1c2cc(sc2c(c2ccc(CC(CC)CCCC)s2)c2cc(C)sc12)c1cc(CC(CC)CCCC)c(s1)c1nnc(s1)c1sc(C)cc3CC(CC)CCCC,N#C/C(C#N)=C1\c2cc(Br)sc2C(=O)C1=C/c1cc2c(s1)C(CCCCCC)(CCCCC)c1cc3c4cc5c(cc4C(CCCCCCCC)(CCCCCCCC)c3cc12)c1sc(cc1C5(CCCCCC)CCCCCC)/C=C1/C(c2cc(Br)sc2C1=O)=C(/C#N)C#N,5.48,3.42,2.06,5.64,3.78,1.86,1.558,1.226,1.224,1.356,1.773,5.741,30.2
3,PB2,FCC-Cl,https://doi.org/10.1016/j.joule.2023.04.003,3.5556,0.035148432,0.951113,1.877583,0.898655,78.9,CCC(CCCC)Cc1ccc(s1)c1c2cc(sc2c(c2ccc(CC(CC)CCCC)s2)c2cc(C)sc12)c1cc(CC(CC)CCCC)c(s1)c1nnc(s1)c1sc(C)cc1CC(CC)CCCC,O=C1c2sc(Cl)cc2/C(/C1=C/c1cc2c(s1)C(CCCCCCCC)(CCCCCCCC)c1cc3c4cc5c(cc4C(CCCCCCCC)(CCCCCCCC)c3cc12)c1sc(cc1C5(CCCCCCCC)CCCCCCCC)/C=C1/C(c2cc(Cl)sc2C1=O)=C(/C#N)C#N)=C(\C#N)C#N,5.48,3.42,2.06,5.73,3.71,2.02,1.505,1.108,1.112,1.12,1.387,6.781,29.0
4,D18,FCC-Cl-4Ph,https://doi.org/10.1016/j.nanoen.2022.107281,3.550862,0.005382973,0.839041,1.791802,0.838879,78.5,CCC(CCCC)Cc1sc(cc1F)c1c2cc(sc2c(c2cc(F)c(CC(CC)CCCC)s2)c2cc(C)sc12)c1sc(cc1CC(CCCC)CCCCCC)c1sc2c(c1)c1nsnc1c1cc(sc21)c1cc(CC(CCCC)CCCCCC)c(C)s1,CCCCCCc1cccc(c1)C1(c2cccc(CCCCCC)c2)c2cc3c4cc5c(cc4C(CCCCCCCC)(CCCCCCCC)c3cc2c2sc(cc21)/C=C1/C(c2cc(Cl)sc2C1=O)=C(/C#N)C#N)c1cc(/C=C2C(\c3cc(Cl)sc3C2=O)=C(\C#N)C#N)sc1C5(c1cccc(c1)CCCCCC)c1ccc(cc1)CCCCCC,5.43,3.46,1.97,5.75,3.74,2.01,1.443,1.181,1.171,1.407,1.745,6.373,28.9
5,PBDB-TF(PM6),FCC-Cl,https://doi.org/10.1016/j.joule.2021.03.020,3.4551,0.00941,0.8747,1.776883,0.941165,81.0,CC1=CC2=C(C3=CC(F)=C(CC(CCCC)CC)S3)C4=C(C=C(C5=CC=C(C6=C7C(C(C8=C(CC(CCCC)CC)SC(CC(CCCC)CC)=C8C7=O)=O)=C(C9=CC=C(C)S9)S6)S5)S4)C(C%10=CC(F)=C(CC(CCCC)CC)S%10)=C2S1,O=C1c2sc(Cl)cc2/C(/C1=C/c1cc2c(s1)C(CCCCCCCC)(CCCCCCCC)c1cc3c4cc5c(cc4C(CCCCCCCC)(CCCCCCCC)c3cc12)c1sc(cc1C5(CCCCCCCC)CCCCCCCC)/C=C1/C(c2cc(Cl)sc2C1=O)=C(/C#N)C#N)=C(\C#N)C#N,5.45,3.65,1.89,5.73,3.71,2.02,1.494,1.062,1.061,1.081,1.244,7.048,28.3
6,PB2,F-BTA3,https://doi.org/10.1002/adma.202105803,3.778,0.02699,1.3278,2.20244,0.921892,78.8,CCC(CCCC)Cc1ccc(s1)c1c2cc(sc2c(c2ccc(CC(CC)CCCC)s2)c2cc(C)sc12)c1cc(CC(CC)CCCC)c(s1)c1nnc(s1)c1sc(C)cc1CC(CC)CCCC,CCCCCCCCN1N=C(C(/C=C2S/C(N(CC)C/2=O)=C(C#N)\C#N)=CC(F)=C3C4=CC5=C(S4)C6=C(C=C(C(SC(C7=C(F)C=C(/C=C8S/C(N(CC)C/8=O)=C(C#N)/C#N)C9=NN(CCCCCCCC)N=C79)=C%10)=C%10C%11(C%12=CC=C(CCCCCC)C=C%12)C%13=CC=C(CCCCCC)C=C%13)C%11=C6)C5(C%14=CC=C(CCCCCC)C=C%14)C%15=CC=C(CCCCCC)C=C%15)C3=N1,5.48,3.42,2.06,5.59,3.82,1.77,1.5,1.045,1.032,1.11,1.328,8.754,27.1
7,PBQx-TCl,DTz-R1,https://doi.org/10.1007/s10118-022-2761-x,3.2861,0.1004,0.7155,1.67335,0.726899,81.1,CCCCC(CCCCCC)Cc1cc(sc1C)c1cc2c3nccnc3c3cc(sc3c2s1)c1cc(CC(CCCC)CCCCCC)c(s1)c1cc2c(s1)c(c1cc(Cl)c(CC(CC)CCCC)s1)c1cc(C)sc1c2c1cc(Cl)c(CC(CCCC)CC)s1,CCCCCCc1ccc(cc1)C1(c2ccc(cc2)CCCCCC)c2cc(sc2c2cc3c(cc21)c1sc(cc1C3(c1ccc(CCCCCC)cc1)c1ccc(CCCCCC)cc1)C1C=CC(/C=C2/S\C(=C(/C#N)C#N)N(C)C2=O)c2nn(CCCCCCCC)nc12)c1ccc(\C=C2\S/C(=C(/C#N)C#N)N(C)C2=O)c2nn(nc21)CCCCCCCC,5.43,2.96,2.47,5.5,3.6,1.9,1.612,1.326,1.274,1.573,2.474,6.401,26.8
8,TPD-3F,IT-4F,https://doi.org/10.1016/j.joule.2019.11.006,3.2881,0.1978,0.91,1.7138,0.407325,65.1,FC1=C(CC(CCCCCC)CCCCCCCC)SC(C2=C(SC(C3=CC=C(C4=C(C5=O)C(C(N5CCCCCCCC)=O)=C(C6=CC=C(C)S6)S4)S3)=C7)C7=C(C8=CC(F)=C(CC(CCCCCCCC)CCCCCC)S8)C9=C2C=C(C)S9)=C1,CCCCCCC(C=C1)=CC=C1C(C2=C3SC4=C2SC(/C=C5C(C(C=C(F)C(F)=C6)=C6C\5=C(C#N)/C#N)=O)=C4)(C7=CC=C(CCCCCC)C=C7)C8=C3C=C(C(C9=CC=C(CCCCCC)C=C9)(C%10=CC=C(CCCCCC)C=C%10)C%11=C%12SC%13=C%11SC(/C=C(/C(C%14=C%15C=C(C(F)=C%14)F)=C(C#N)\C#N)C%15=O)=C%13)C%12=C8,5.62,3.73,1.89,5.66,4.14,1.52,1.714,1.589,1.457,2.617,4.43,6.599,26.2
9,PBDB-TF(PM6),IO-4Cl,https://doi.org/10.1038/s41560-019-0448-5,2.921946,0.078289875,0.207446,1.443296,0.776842,79.1,FC1=C(CCCCCC)SC(C2=C(SC(C3=CC=C(C4=C5C(C(C6=C(CC(CCCC)CC)SC(CC(CCCC)CC)=C6C5=O)=O)=C(C7=CC=C(C)S7)S4)S3)=C8)C8=C(C9=CC(F)=C(CCCCCC)S9)C%10=C2C=C(C)S%10)=C1,CCCCCCC(C=C1)=CC=C1C(C2=C3SC4=C2SC(/C=C5C(C(C=C(Cl)C(Cl)=C6)=C6C\5=C(C#N)/C#N)=O)=C4)(C7=CC=C(CCCCCC)C=C7)C8=C3C=C(C(C9=CC=C(CCCCCC)C=C9)(C%10=CC=C(CCCCCC)C=C%10)C%11=C%12SC%13=C%11SC(/C=C%14C(C(C=C(Cl)C(Cl)=C%15)=C%15C\%14=C(C#N)\C#N)=O)=C%13)C%12=C8,5.45,3.65,1.8,5.72,3.83,1.89,1.570,1.256,1.247,1.446,2.139,7.001,26.1
10,PB2,ITCC,https://doi.org/10.1002/adma.202207009,3.6503,0.00087,1.2045,2.01564,0.958321,76.6,CCC(CCCC)Cc1ccc(s1)c1c2cc(sc2c(c2ccc(CC(CC)CCCC)s2)c2cc(C)sc12)c1cc(CC(CC)CCCC)c(s1)c1nnc(s1)c1sc(C)cc2CC(CC)CCCC,CCCCCCC(C=C1)=CC=C1C(C2=C3SC4=C2SC(/C=C5C(C(SC=C6)=C6C\5=C(C#N)/C#N)=O)=C4)(C7=CC=C(CCCCCC)C=C7)C8=C3C=C(C(C9=CC=C(CCCCCC)C=C9)(C%10=CC=C(CCCCCC)C=C%10)C%11=C%12SC%13=C%11SC(/C=C%14C(C(SC=C%15)=C%15C\%14=C(C#N)\C#N)=O)=C%13)C%12=C8,5.48,3.42,2.06,5.62,3.77,1.85,1.508,1.044,1.044,1.148,1.415,8.615,25.4
11,PTVT-T,ITCC,10.3389/fchem.2021.684241,3.853869,1.38815,2.235916,0.883665,24.2,76.72,CC(S1)=CC(C(OCC(CCCC)CCCCCC)=O)=C1/C=C/C2=C(C(OCC(CCCC)CCCCCC)=O)C=C(C3=CC=C(C)S3)S2,CCCCCCC(C=C1)=CC=C1C(C2=C3SC4=C2SC(/C=C5C(C(SC=C6)=C6C\5=C(C#N)/C#N)=O)=C4)(C7=CC=C(CCCCCC)C=C7)C8=C3C=C(C(C9=CC=C(CCCCCC)C=C9)(C%10=CC=C(CCCCCC)C=C%10)C%11=C%12SC%13=C%11SC(/C=C%14C(C(SC=C%15)=C%15C\%14=C(C#N)\C#N)=O)=C%13)C%12=C8,5.38,3.01,2.37,5.58,3.77,1.81,1.452,1.128,1.12,1.045,1.165,8.899,24.27
12,PBDB-T,BTA3,https://doi.org/10.1063/5.0039653,3.226209,0.027160019,0.650559,1.62105,0.949545,70.1,CCC(CCCC)CC(S1)=CC=C1C2=C(C=C(S3)C4=CC=C(C(S5)=C(C(C6=C(CC(CCCC)CC)SC(CC(CCCC)CC)=C76)=O)C(C7=O)=C5C8=CC=C(C)S8)S4)C3=C(C9=CC=C(CC(CCCC)CC)S9)C%10=C2SC(C)=C%10,CCCCCCCCN1N=C(C(/C=C2S/C(N(CC)C/2=O)=C(C#N)\C#N)=CC=C3C4=CC5=C(S4)C6=C(C=C(C(SC(C7C8=NN(CCCCCCCC)N=C8C(/C=C9S/C(N(CC)C/9=O)=C(C#N)/C#N)C=C7)=C%10)=C%10C%11(C%12=CC=C(CCCCCC)C=C%12)C%13=CC=C(CCCCCC)C=C%13)C%11=C6)C5(C%14=CC=C(CCCCCC)C=C%14)C%15=CC=C(CCCCCC)C=C%15)C3=N1,5.33,2.92,2.41,5.59,3.7,1.89,1.518,1.053,1.052,1.079,1.238,6.892,23.9
13,PBQx-TCl,BTA3,https://doi.org/10.1007/s10118-022-2761-x,3.287114,0.029858846,0.624387,1.546752,0.837941,79.5,CCCCC(CCCCCC)Cc1cc(sc1C)c1cc2c3nccnc3c3cc(sc3c2s1)c1cc(CC(CCCC)CCCCCC)c(s1)c1cc2c(s1)c(c1cc(Cl)c(CC(CC)CCCC)s1)c1cc(C)sc1c2c1cc(Cl)c(CC(CCCC)CC)s1,CCCCCCCCN1N=C(C(/C=C2S/C(N(CC)C/2=O)=C(C#N)\C#N)=CC=C3C4=CC5=C(S4)C6=C(C=C(C(SC(C7C8=NN(CCCCCCCC)N=C8C(/C=C9S/C(N(CC)C/9=O)=C(C#N)/C#N)C=C7)=C%10)=C%10C%11(C%12=CC=C(CCCCCC)C=C%12)C%13=CC=C(CCCCCC)C=C%13)C%11=C6)C5(C%14=CC=C(CCCCCC)C=C%14)C%15=CC=C(CCCCCC)C=C%15)C3=N1,5.43,2.96,2.47,5.55,3.57,1.98,1.514,1.176,1.186,1.192,1.575,6.575,23.6
14,PBDB-TF(PM6),HDO-4Cl,https://doi.org/10.1039/D0QM00633E,2.9867,0.03134,0.7186,1.461585,0.93019,75.7,FC1=C(CCCCCC)SC(C2=C(SC(C3=CC=C(C4=C5C(C(C6=C(CC(CCCC)CC)SC(CC(CCCC)CC)=C6C5=O)=O)=C(C7=CC=C(C)S7)S4)S3)=C8)C8=C(C9=CC(F)=C(CCCCCC)S9)C%10=C2C=C(C)S%10)=C1,CCCCCCCCCCOC1=C(/C=C2/C(C(C=C(Cl)C(Cl)=C3)=C3C2=O)=C(C#N)\C#N)SC4=C1SC5=C4N(CC(CCCCCCCC)CCCCCC)C6=C5C7=NSN=C7C8=C6N(CC(CCCCCCCC)CCCCCC)C9=C8SC%10=C9SC(/C=C%11/C(C(C=C(Cl)C(Cl)=C%12)=C%12C%11=O)=C(C#N)\C#N)=C%10OCCCCCCCCCC,5.45,3.65,1.8,5.64,3.46,2.18,1.512,1.075,1.075,1.033,1.122,6.434,23.4
15,PTQ10,IDIC-Br,https://pubs.acs.org/doi/10.1021/acsenergylett.2c00515,3.556498,8.1503e-05,1.189473,1.984123,0.994696,64.0,Cc1c2nc(OCC(CCCCCCCC)CCCCCC)cnc2c(c(F)c1F)c1sc(C)cc1,O=C1\C(=C/c2sc3c(c2Br)C(CCCCCCCC)(CCCCCCCC)c2cc4c5sc(\C=C\6/C(=O)c7ccccc7/C/6=C(\C#N)C#N)c(Br)c5C(CCCCCCCC)(CCCCCCCC)c4cc32)\C(\c2ccccc12)=C(\C#N)C#N,5.54,2.98,2.56,5.9,4.07,1.83,1.499,1.006,1.006,1.021,1.064,9.026,23.0
16,PBDB-TS-4Cl,IT-4F,https://doi.org/10.1021/acsami.0c02712,3.51043,0.013997065,1.163907,1.962519,0.525067,73.9,CCCCC(CC)CSC(S1)=CC(Cl)=C1C2=C(C=C(C3=CC=C(C4=C5C(C(C(C(C5=O)=C6CC(CC)CCCC)=C(S6)CC(CC)CCCC)=O)=C(C7=CC=C(C)S7)S4)S3)S8)C8=C(C9=C(Cl)C=C(SCC(CC)CCCC)S9)C%10=C2SC(C)=C%10,CCCCCCC(C=C1)=CC=C1C(C2=C3SC4=C2SC(/C=C5C(C(C=C(F)C(F)=C6)=C6C\5=C(C#N)/C#N)=O)=C4)(C7=CC=C(CCCCCC)C=C7)C8=C3C=C(C(C9=CC=C(CCCCCC)C=C9)(C%10=CC=C(CCCCCC)C=C%10)C%11=C%12SC%13=C%11SC(/C=C(/C(C%14=C%15C=C(C(F)=C%14)F)=C(C#N)\C#N)C%15=O)=C%13)C%12=C8,5.61,3.79,1.82,5.66,4.14,1.52,1.329,1.539,1.453,2.288,3.103,7.112,21.7
17,PBDB-TSCl,IT-4F,https://doi.org/10.1021/acsenergylett.9b01819,3.482816,0.013695195,1.141329,1.939221,0.898912,76.29,CCCCC(CC)CSC(S1)=C(Cl)C=C1C2=C(C=C(C3=CC=C(C4=C5C(C(C(C(C5=O)=C(CC(CCCC)CC)S6)=C6CC(CC)CCCC)=O)=C(C7=CC=C(C)S7)S4)S3)S8)C8=C(C9=CC(Cl)=C(SCC(CC)CCCC)S9)C%10=C2SC(C)=C%10,CCCCCCC(C=C1)=CC=C1C(C2=C3SC4=C2SC(/C=C5C(C(C=C(F)C(F)=C6)=C6C\5=C(C#N)/C#N)=O)=C4)(C7=CC=C(CCCCCC)C=C7)C8=C3C=C(C(C9=CC=C(CCCCCC)C=C9)(C%10=CC=C(CCCCCC)C=C%10)C%11=C%12SC%13=C%11SC(/C=C(/C(C%14=C%15C=C(C(F)=C%14)F)=C(C#N)\C#N)C%15=O)=C%13)C%12=C8,5.61,3.8,1.81,5.66,4.14,1.52,1.492,1.109,1.113,1.256,1.68,8.69,21.53
18,PBDB-TF(PM6),IT-4F,https://doi.org/10.1002/adma.201904512,2.66577,2.26807917,0.335189,1.12464,0.424373,78.0,FC1=C(CCCCCC)SC(C2=C(SC(C3=CC=C(C4=C5C(C(C6=C(CC(CCCC)CC)SC(CC(CCCC)CC)=C6C5=O)=O)=C(C7=CC=C(C)S7)S4)S3)=C8)C8=C(C9=CC(F)=C(CCCCCC)S9)C%10=C2C=C(C)S%10)=C1,CCCCCCC(C=C1)=CC=C1C(C2=C3SC4=C2SC(/C=C5C(C(C=C(F)C(F)=C6)=C6C\5=C(C#N)/C#N)=O)=C4)(C7=CC=C(CCCCCC)C=C7)C8=C3C=C(C(C9=CC=C(CCCCCC)C=C9)(C%10=CC=C(CCCCCC)C=C%10)C%11=C%12SC%13=C%11SC(/C=C(/C(C%14=C%15C=C(C(F)=C%14)F)=C(C#N)\C#N)C%15=O)=C%13)C%12=C8,5.45,3.65,1.8,5.66,4.14,1.52,1.006,1.012,1.012,2.096,2.605,4.619,20.8
19,PBDB-TS-3Cl,IT-4F,https://doi.org/10.1002/cssc.202100981,3.347206,0.258506516,0.975844,1.761495,0.668963,72.2,CCCCC(CC)CSC(S1)=C(Cl)C=C1C2=C(C=C(C3=CC=C(C4=C5C(C(C(C(C5=O)=C6CC(CC)CCCC)=C(S6)CC(CC)CCCC)=O)=C(C7=CC=C(C)S7)S4)S3)S8)C8=C(C9=CC(Cl)=C(SCC(CC)CCCC)S9)C%10=C2SC(C)=C%10,CCCCCCC(C=C1)=CC=C1C(C2=C3SC4=C2SC(/C=C5C(C(C=C(F)C(F)=C6)=C6C\5=C(C#N)/C#N)=O)=C4)(C7=CC=C(CCCCCC)C=C7)C8=C3C=C(C(C9=CC=C(CCCCCC)C=C9)(C%10=CC=C(CCCCCC)C=C%10)C%11=C%12SC%13=C%11SC(/C=C(/C(C%14=C%15C=C(C(F)=C%14)F)=C(C#N)\C#N)C%15=O)=C%13)C%12=C8,5.61,3.79,1.82,5.66,4.14,1.52,1.624,1.394,1.347,1.594,2.651,6.565,20.4
20,PBQx-TCl,DTz-R3,https://doi.org/10.1007/s10118-022-2761-x,3.143893,0.042673541,0.499935,1.420723,0.928956,76.3,CCCCC(CCCCCC)Cc1cc(sc1C)c1cc2c3nccnc3c3cc(sc3c2s1)c1cc(CC(CCCC)CCCCCC)c(s1)c1cc2c(s1)c(c1cc(Cl)c(CC(CC)CCCC)s1)c1cc(C)sc1c2c1cc(Cl)c(CC(CCCC)CC)s1,CCCCCCc1ccc(cc1)C1(c2ccc(CCCCCC)cc2)c2cc3c4sc(cc4C(c4ccc(cc4)CCCCCC)(c4ccc(CCCCCC)cc4)c3cc2c2sc(cc21)C1C=CC(/C=C2/S\C(=C(/C#N)C#N)N(CCCC)C2=O)c2nn(CCCCCCCC)nc12)c1ccc(\C=C2\S/C(=C(/C#N)C#N)N(CCCC)C2=O)c2nn(nc21)CCCCCCCC,5.43,2.96,2.47,5.56,3.57,1.99,1.493,1.075,1.076,1.111,1.312,6.499,20.1
21,PBDB-TF(PM6),HD-4Cl,https://doi.org/10.1039/D0QM00633E,2.878153,0.429230714,0.630185,1.340909,0.725119,72.0,FC1=C(CCCCCC)SC(C2=C(SC(C3=CC=C(C4=C5C(C(C6=C(CC(CCCC)CC)SC(CC(CCCC)CC)=C6C5=O)=O)=C(C7=CC=C(C)S7)S4)S3)=C8)C8=C(C9=CC(F)=C(CCCCCC)S9)C%10=C2C=C(C)S%10)=C1,CCCCCCCCCCCC1=C(/C=C2/C(C(C=C(Cl)C(Cl)=C3)=C3C2=O)=C(C#N)\C#N)SC4=C1SC5=C4N(CC(CCCCCCCC)CCCCCC)C6=C5C7=NSN=C7C8=C6N(CC(CCCCCCCC)CCCCCC)C9=C8SC%10=C9SC(/C=C%11/C(C(C=C(Cl)C(Cl)=C%12)=C%12C%11=O)=C(C#N)\C#N)=C%10CCCCCCCCCCC,5.45,3.65,1.8,5.65,3.65,2.0,1.486,1.312,1.348,1.495,2.314,6.773,19.9
22,PTQ10,IDIC,https://pubs.acs.org/doi/10.1021/acsenergylett.2c00515,2.834983,0.177058771,0.509693,1.278808,0.757783,60.0,Cc1c2nc(OCC(CCCCCCCC)CCCCCC)cnc2c(c(F)c1F)c1sc(C)cc1,O=C1\C(=C/c2sc3c(c2)C(CCCCCCCC)(CCCCCCCC)c2cc4c5sc(cc5C(CCCCCCCC)(CCCCCCCC)c4cc32)\C=C\2/C(=O)c3ccccc3/C/2=C(\C#N)C#N)\C(\c2ccccc12)=C(\C#N)C#N,5.54,2.98,2.56,5.33,3.53,1.8,1.433,1.28,1.273,1.533,1.962,6.617,19.0
23,CD1,ITIC,https://doi.org/10.1039/C9TA10040G,3.7225,0.01684,1.239569,2.089049,0.731561,68.1,CCCCCCCCC(CCCCCC)CN1N=C(C(C2=CC=C(C3=CC4=C(C(C5=CC=C(SCC(CCCCCC)CCCC)S5)=C(C=C(C)S6)C6=C4C7=CC=C(SCC(CCCCCC)CCCC)S7)S3)S2)=C(F)C(F)=C8C9=CC=C(C)S9)C8=N1,CCCCCCC(C=C1)=CC=C1C(C2=C3SC4=C2SC(/C=C5C(C(C=CC=C6)=C6C\5=C(C#N)/C#N)=O)=C4)(C7=CC=C(CCCCCC)C=C7)C8=C3C=C(C(C9=CC=C(CCCCCC)C=C9)(C%10=CC=C(CCCCCC)C=C%10)C%11=C%12SC%13=C%11SC(/C=C%14C(C(C=CC=C%15)=C%15C\%14=C(C#N)\C#N)=O)=C%13)C%12=C8,5.28,2.91,2.37,5.48,3.83,1.65,1.562,1.309,1.321,2.324,3.395,7.243,17.9
24,PTQ10,IDIC-S,https://pubs.acs.org/doi/10.1021/acsenergylett.2c00515,3.210114,0.01208,0.8557,1.690498,0.956007,65.0,Cc1c2nc(OCC(CCCCCCCC)CCCCCC)cnc2c(c(F)c1F)c1sc(C)cc1,O=C1\C(=C/c2sc3c(c2SCCCCCC)C(CCCCCCCC)(CCCCCCCC)c2cc4c5sc(\C=C\6/C(=O)c7ccccc7/C/6=C(\C#N)C#N)c(SCCCCCC)c5C(CCCCCCCC)(CCCCCCCC)c4cc32)\C(\c2ccccc12)=C(\C#N)C#N,5.54,2.98,2.56,5.41,3.64,1.77,1.483,1.047,1.046,1.081,1.209,7.997,17.0
25,PBDB-T,N2200,DOI: 10.1039/d1ta02345d,3.134058,0.000447324,0.331047,1.211735,0.948755,75.02,CCC(CCCC)CC(S1)=CC=C1C2=C(C=C(S3)C4=CC=C(C(S5)=C(C(C6=C(CC(CCCC)CC)SC(CC(CCCC)CC)=C76)=O)C(C7=O)=C5C8=CC=C(C)S8)S4)C3=C(C9=CC=C(CC(CCCC)CC)S9)C%10=C2SC(C)=C%10,O=C(C1=C2C3=C(C(N(CC(CCCCCCCCCC)CCCCCCCC)C(C3=CC(C4=CC=C(C5=CC=C(C)S5)S4)=C26)=O)=O)C(C)=C1)N(CC(CCCCCCCCCC)CCCCCCCC)C6=O,5.33,2.92,2.41,5.9,4.3,1.6,1.514,1.055,1.054,1.072,1.226,7.633,15.29
26,CD1,N2200,https://doi.org/10.1016/j.orgel.2021.106134,2.7808,0.12956,0.1451,1.031337,0.943499,69.8,Cc1sc2c(c3sc(SCC(CCCCCC)CCCC)cc3)c3cc(sc3c(c3sc(SCC(CCCCCC)CCCC)cc3)c2c1)c1sc(cc1)c1c2nn(nc2c(c(F)c1F)c1sc(C)cc1)CC(CCCCCCCC)CCCCCC,O=C1N(CC(CCCCCCCCCC)CCCCCCCC)C(=O)c2cc(C)c3C(=O)N(CC(CCCCCCCCCC)CCCCCCCC)C(=O)c4cc(c1c2c34)c1sc(cc1)c1sc(C)cc1,5.28,2.91,2.37,5.77,3.84,1.93,1.519,1.06,1.06,1.086,1.259,6.569,13.04
27,PPDT2FBT,tPDI2N-EH,https://doi.org/10.1021/acsami.9b19549,3.3248,0.00587,0.8905,1.764325,0.847458,49.9,CC(S1)=CC=C1C2=C(OCC(CCCCCC)CCCCCCCC)C=C(C3=CC=C(C4=C(F)C(F)=C(C)C5=NSN=C45)S3)C(OCC(CCCCCCCC)CCCCCC)=C2,CCC(CCCC)CN1C2=CC3=C4C5=C2C6=C1C=C(C(N(C(CC)CC)C7=O)=O)C8=C7C=CC(C5=C(C9=C%10C%11=C(C%12=CC(C(N(C(CC)CC)C%13=O)=O)=C%11C%13=C9)C%14=C(N%12CC(CCCC)CC)C=C(C(N(C(CC)CC)C%15=O)=O)C%16=C%15C=CC%10=C%14%16)C=C4C(N(C(CC)CC)C3=O)=O)=C68,5.45,3.69,1.76,5.9,3.6,2.3,1.435,1.172,1.156,1.192,1.514,9.623,9.0
28,PBDB-TS,IT-4F,https://doi.org/10.1021/acsami.0c02712,2.6922,0.09072,0.3674,1.140684,0.750818,36.2,CCCCC(CC)CSC(S1)=CC=C1C2=C(C=C(C3=CC=C(C4=C5C(C(C(C(C5=O)=C6CC(CC)CCCC)=C(S6)CC(CC)CCCC)=O)=C(C7=CC=C(C)S7)S4)S3)S8)C8=C(C9=CC=C(SCC(CC)CCCC)S9)C%10=C2SC(C)=C%10,CCCCCCC(C=C1)=CC=C1C(C2=C3SC4=C2SC(/C=C5C(C(C=C(F)C(F)=C6)=C6C\5=C(C#N)/C#N)=O)=C4)(C7=CC=C(CCCCCC)C=C7)C8=C3C=C(C(C9=CC=C(CCCCCC)C=C9)(C%10=CC=C(CCCCCC)C=C%10)C%11=C%12SC%13=C%11SC(/C=C(/C(C%14=C%15C=C(C(F)=C%14)F)=C(C#N)\C#N)C%15=O)=C%13)C%12=C8,5.45,3.64,1.81,5.66,4.14,1.52,1.506,1.283,1.317,1.546,2.31,6.65,7.0
29,PPDT2FBT,ITIC-F ,https://doi.org/10.1021/acsami.9b19549,3.3258,0.04096,0.8093,1.720487,0.947978,37.2,CC(S1)=CC=C1C2=C(OCC(CCCCCC)CCCCCCCC)C=C(C3=CC=C(C4=C(F)C(F)=C(C)C5=NSN=C45)S3)C(OCC(CCCCCCCC)CCCCCC)=C2,CCCCCCC(C=C1)=CC=C1C(C2=C3SC4=C2SC(/C=C5C(C(C=C(F)C(F)=C6)=C6C\5=C(C#N)/C#N)=O)=C4)(C7=CC=C(CCCCCC)C=C7)C8=C3C=C(C(C9=CC=C(CCCCCC)C=C9)(C%10=CC=C(CCCCCC)C=C%10)C%11=C%12SC%13=C%11SC(/C=C(/C(C%14=C%15C=C(C(F)=C%14)F)=C(C#N)\C#N)C%15=O)=C%13)C%12=C8,5.45,3.69,1.76,5.66,4.14,1.52,1.502,1.055,1.056,1.069,1.226,9.478,5.4
30,PTVT-V,ITCC,doi: 10.3389/fchem.2021.684241,3.7699,0.00435,1.267,2.206897,0.970459,45.54,C/C=C/C1=CC(C(OCCCCCCCCCCCC)=O)=C(/C=C/C2=C(C(OCCCCCCCCCCCC)=O)C=C(C)S2)S1,CCCCCCC(C=C1)=CC=C1C(C2=C3SC4=C2SC(/C=C5C(C(SC=C6)=C6C\5=C(C#N)/C#N)=O)=C4)(C7=CC=C(CCCCCC)C=C7)C8=C3C=C(C(C9=CC=C(CCCCCC)C=C9)(C%10=CC=C(CCCCCC)C=C%10)C%11=C%12SC%13=C%11SC(/C=C%14C(C(SC=C%15)=C%15C\%14=C(C#N)\C#N)=O)=C%13)C%12=C8,5.36,3.1,2.26,5.58,3.77,1.81,1.505,1.032,1.032,1.048,1.151,10.206,5.1
